<?xml version="1.0" encoding="UTF-8"?>
<schemalist>
  <schema id="org.gnome.shell.extensions.remove-quick-buttons" path="/org/gnome/shell/extensions/remove-quick-buttons/">
    <key name="removed-buttons" type="as">
      <default>[]</default>
    </key>
    <key name="default-invisible-buttons" type="as">
      <default>[]</default>
    </key>
    <key name="all-buttons" type="as">
      <default>[]</default>
    </key>
    <key name="buttons-label" type="s">
      <default>"{}"</default>
    </key>
  </schema>
</schemalist>
